collection,publication,year,issue_or_edition,filename,source_url,notes
Burlington Section GMC,RidgeLines,1971,RidgeLines May 1971,RidgeLines_May_1971.pdf,http://gmcburlington.org/wp-content/uploads/2023/06/ridgelines-v-1-no-1.pdf,
Burlington Section GMC,RidgeLines,1971,RidgeLines September 1971,RidgeLines_September_1971.pdf,http://gmcburlington.org/wp-content/uploads/2023/06/ridgelines-v-1-no-2.pdf,
Burlington Section GMC,RidgeLines,1972,RidgeLines January 1972,RidgeLines_January_1972.pdf,http://gmcburlington.org/wp-content/uploads/2023/06/ridgelines-v-1-no-3.pdf,
Burlington Section GMC,RidgeLines,1972,RidgeLines May 1972,RidgeLines_May_1972.pdf,http://gmcburlington.org/wp-content/uploads/2023/06/ridgelines-v-2-no-1.pdf,
Burlington Section GMC,RidgeLines,1972,RidgeLines October 1972,RidgeLines_October_1972.pdf,http://gmcburlington.org/wp-content/uploads/2023/06/ridgelines-v-2-no-2.pdf,
Burlington Section GMC,RidgeLines,1973,RidgeLines January 1973,RidgeLines_January_1973.pdf,http://gmcburlington.org/wp-content/uploads/2023/06/ridgelines-v-2-no-3.pdf,
Burlington Section GMC,RidgeLines,1973,RidgeLines March 1973,RidgeLines_March_1973.pdf,http://gmcburlington.org/wp-content/uploads/2023/06/ridgelines-v-2-no-4.pdf,
Burlington Section GMC,RidgeLines,1973,RidgeLines May 1973,RidgeLines_May_1973.pdf,http://gmcburlington.org/wp-content/uploads/2023/06/ridgelines-v-3-no-1.pdf,
Burlington Section GMC,RidgeLines,1973,RidgeLines October 1973,RidgeLines_October_1973.pdf,http://gmcburlington.org/wp-content/uploads/2023/06/ridgelines-v-3-no-2.pdf,
Burlington Section GMC,RidgeLines,1973,RidgeLines December 1973,RidgeLines_December_1973.pdf,http://gmcburlington.org/wp-content/uploads/2023/06/ridgelines-v-3-no-3.pdf,
Burlington Section GMC,RidgeLines,1974,RidgeLines March 1974,RidgeLines_March_1974.pdf,http://gmcburlington.org/wp-content/uploads/2023/06/ridgelines-v-3-no-4.pdf,
Burlington Section GMC,RidgeLines,1974,RidgeLines June 1974,RidgeLines_June_1974.pdf,http://gmcburlington.org/wp-content/uploads/2023/06/ridgelines-v-4-no-1.pdf,
Burlington Section GMC,RidgeLines,1974,RidgeLines October 1974,RidgeLines_October_1974.pdf,http://gmcburlington.org/wp-content/uploads/2023/06/ridgelines-v-4-no-2.pdf,
Burlington Section GMC,RidgeLines,1975,RidgeLines January 1975,RidgeLines_January_1975.pdf,http://gmcburlington.org/wp-content/uploads/2023/06/ridgelines-v-4-no-3.pdf,
Burlington Section GMC,RidgeLines,1975,RidgeLines March 1975,RidgeLines_March_1975.pdf,http://gmcburlington.org/wp-content/uploads/2023/06/ridgelines-v-4-no-4.pdf,
Burlington Section GMC,RidgeLines,1975,RidgeLines July 1975,RidgeLines_July_1975.pdf,http://gmcburlington.org/wp-content/uploads/2023/06/ridgelines-v-5-no-1.pdf,
Burlington Section GMC,RidgeLines,1975,RidgeLines October 1975,RidgeLines_October_1975.pdf,http://gmcburlington.org/wp-content/uploads/2023/06/ridgelines-v-5-no-2.pdf,
Burlington Section GMC,RidgeLines,1976,RidgeLines January 1976,RidgeLines_January_1976.pdf,http://gmcburlington.org/wp-content/uploads/2023/06/ridgelines-v-5-no-3.pdf,
Burlington Section GMC,RidgeLines,1976,RidgeLines March 1976,RidgeLines_March_1976.pdf,http://gmcburlington.org/wp-content/uploads/2023/06/ridgelines-v-5-no-4.pdf,
Burlington Section GMC,RidgeLines,1976,RidgeLines May 1976,RidgeLines_May_1976.pdf,http://gmcburlington.org/wp-content/uploads/2023/06/ridgelines-v-6-no-1.pdf,
Burlington Section GMC,RidgeLines,1976,RidgeLines October 1976,RidgeLines_October_1976.pdf,http://gmcburlington.org/wp-content/uploads/2023/06/ridgelines-v-6-no-2.pdf,
Burlington Section GMC,RidgeLines,1977,RidgeLines January 1977,RidgeLines_January_1977.pdf,http://gmcburlington.org/wp-content/uploads/2023/06/ridgelines-v-6-no-3.pdf,
Burlington Section GMC,RidgeLines,1977,RidgeLines March 1977,RidgeLines_March_1977.pdf,http://gmcburlington.org/wp-content/uploads/2023/06/ridgelines-v-6-no-4.pdf,
Burlington Section GMC,RidgeLines,1977,RidgeLines June 1977,RidgeLines_June_1977.pdf,http://gmcburlington.org/wp-content/uploads/2023/06/ridgelines-v-7-no-1.pdf,
Burlington Section GMC,RidgeLines,1977,RidgeLines October 1977,RidgeLines_October_1977.pdf,http://gmcburlington.org/wp-content/uploads/2023/06/ridgelines-v-7-no-2.pdf,
Burlington Section GMC,RidgeLines,1978,RidgeLines January 1978,RidgeLines_January_1978.pdf,http://gmcburlington.org/wp-content/uploads/2023/06/ridgelines-v-7-no-3.pdf,
Burlington Section GMC,RidgeLines,1978,RidgeLines March 1978,RidgeLines_March_1978.pdf,http://gmcburlington.org/wp-content/uploads/2023/06/ridgelines-v-7-no-4.pdf,
Burlington Section GMC,RidgeLines,1978,RidgeLines June 1978,RidgeLines_June_1978.pdf,http://gmcburlington.org/wp-content/uploads/2023/06/ridgelines-v-8-no-1.pdf,
Burlington Section GMC,RidgeLines,1978,RidgeLines Deptember 1978,RidgeLines_Deptember_1978.pdf,http://gmcburlington.org/wp-content/uploads/2023/06/ridgelines-v-8-no-2.pdf,
Burlington Section GMC,RidgeLines,1978,RidgeLines December 1978,RidgeLines_December_1978.pdf,http://gmcburlington.org/wp-content/uploads/2023/06/ridgelines-v-8-no-3.pdf,
Burlington Section GMC,RidgeLines,1979,RidgeLines March 1979,RidgeLines_March_1979.pdf,http://gmcburlington.org/wp-content/uploads/2023/06/ridgelines-v-8-no-4.pdf,
Burlington Section GMC,RidgeLines,1979,RidgeLines June 1979,RidgeLines_June_1979.pdf,http://gmcburlington.org/wp-content/uploads/2023/06/ridgelines-v-9-no-1.pdf,
Burlington Section GMC,RidgeLines,1979,RidgeLines September 1979,RidgeLines_September_1979.pdf,http://gmcburlington.org/wp-content/uploads/2023/06/ridgelines-v-9-no-2.pdf,
Burlington Section GMC,RidgeLines,1980,RidgeLines January 1980,RidgeLines_January_1980.pdf,http://gmcburlington.org/wp-content/uploads/2023/06/ridgelines-v-9-no-3.pdf,
Burlington Section GMC,RidgeLines,1980,RidgeLines March 1980,RidgeLines_March_1980.pdf,http://gmcburlington.org/wp-content/uploads/2023/06/ridgelines-v-9-no-4.pdf,
Burlington Section GMC,RidgeLines,1980,RidgeLines June 1980,RidgeLines_June_1980.pdf,http://gmcburlington.org/wp-content/uploads/2023/06/ridgelines-v-10-no-1.pdf,
Burlington Section GMC,RidgeLines,1980,RidgeLines September 1980,RidgeLines_September_1980.pdf,http://gmcburlington.org/wp-content/uploads/2023/06/ridgelines-v-10-no-2.pdf,
Burlington Section GMC,RidgeLines,1980,RidgeLines December 1980,RidgeLines_December_1980.pdf,http://gmcburlington.org/wp-content/uploads/2023/06/ridgelines-v-10-no-3.pdf,
Burlington Section GMC,RidgeLines,1981,RidgeLines March 1981,RidgeLines_March_1981.pdf,http://gmcburlington.org/wp-content/uploads/2023/06/ridgelines-v-10-no-4.pdf,
Burlington Section GMC,RidgeLines,1981,RidgeLines June 1981,RidgeLines_June_1981.pdf,http://gmcburlington.org/wp-content/uploads/2023/06/ridgelines-v-11-no-1.pdf,
Burlington Section GMC,RidgeLines,1981,RidgeLines September 1981,RidgeLines_September_1981.pdf,http://gmcburlington.org/wp-content/uploads/2023/06/ridgelines-v-11-no-2.pdf,
Burlington Section GMC,RidgeLines,1982,RidgeLines January 1982,RidgeLines_January_1982.pdf,http://gmcburlington.org/wp-content/uploads/2023/06/ridgelines-v-11-no-3.pdf,
Burlington Section GMC,RidgeLines,1982,RidgeLines March 1982,RidgeLines_March_1982.pdf,http://gmcburlington.org/wp-content/uploads/2023/06/ridgelines-v-11-no-4.pdf,
Burlington Section GMC,RidgeLines,1982,RidgeLines June 1982,RidgeLines_June_1982.pdf,http://gmcburlington.org/wp-content/uploads/2023/06/ridgelines-v-12-no-1.pdf,
Burlington Section GMC,RidgeLines,1982,RidgeLines September 1982,RidgeLines_September_1982.pdf,http://gmcburlington.org/wp-content/uploads/2023/06/ridgelines-v-12-no-2.pdf,
Burlington Section GMC,RidgeLines,1983,RidgeLines January 1983,RidgeLines_January_1983.pdf,http://gmcburlington.org/wp-content/uploads/2023/06/ridgelines-v-12-no-3.pdf,
Burlington Section GMC,RidgeLines,1983,RidgeLines March 1983,RidgeLines_March_1983.pdf,http://gmcburlington.org/wp-content/uploads/2023/06/ridgelines-v-12-no-4.pdf,
Burlington Section GMC,RidgeLines,1983,RidgeLines June 1983,RidgeLines_June_1983.pdf,http://gmcburlington.org/wp-content/uploads/2023/06/ridgelines-v-13-no-1.pdf,
Burlington Section GMC,RidgeLines,1983,RidgeLines September 1983,RidgeLines_September_1983.pdf,http://gmcburlington.org/wp-content/uploads/2023/06/ridgelines-v-13-no-2.pdf,
Burlington Section GMC,RidgeLines,1984,RidgeLines January 1984,RidgeLines_January_1984.pdf,http://gmcburlington.org/wp-content/uploads/2023/06/ridgelines-v-13-no-3.pdf,
Burlington Section GMC,RidgeLines,1984,RidgeLines January 1984,RidgeLines_January_1984.pdf,http://gmcburlington.org/wp-content/uploads/2023/06/ridgelines-v-14-no-3.pdf,
Burlington Section GMC,RidgeLines,1984,RidgeLines March 1984,RidgeLines_March_1984.pdf,http://gmcburlington.org/wp-content/uploads/2023/06/ridgelines-v-13-no-4.pdf,
Burlington Section GMC,RidgeLines,1984,RidgeLines June 1984,RidgeLines_June_1984.pdf,http://gmcburlington.org/wp-content/uploads/2023/06/ridgelines-v-14-no-1.pdf,
Burlington Section GMC,RidgeLines,1984,RidgeLines September 1984,RidgeLines_September_1984.pdf,http://gmcburlington.org/wp-content/uploads/2023/06/ridgelines-v-14-no-2.pdf,
Burlington Section GMC,RidgeLines,1985,RidgeLines March 1985,RidgeLines_March_1985.pdf,http://gmcburlington.org/wp-content/uploads/2023/06/ridgelines-v-14-no-4.pdf,
Burlington Section GMC,RidgeLines,1985,RidgeLines June 1985,RidgeLines_June_1985.pdf,http://gmcburlington.org/wp-content/uploads/2023/06/ridgelines-v-15-no-1.pdf,
Burlington Section GMC,RidgeLines,1985,RidgeLines September 1985,RidgeLines_September_1985.pdf,http://gmcburlington.org/wp-content/uploads/2023/06/ridgelines-v-15-no-2.pdf,
Burlington Section GMC,RidgeLines,1986,RidgeLines January 1986,RidgeLines_January_1986.pdf,http://gmcburlington.org/wp-content/uploads/2023/06/ridgelines-v-15-no-3.pdf,
Burlington Section GMC,RidgeLines,1986,RidgeLines March 1986,RidgeLines_March_1986.pdf,http://gmcburlington.org/wp-content/uploads/2023/06/ridgelines-v-15-no-4.pdf,
Burlington Section GMC,RidgeLines,1986,RidgeLines June 1986,RidgeLines_June_1986.pdf,http://gmcburlington.org/wp-content/uploads/2023/06/ridgelines-v-16-no-1.pdf,
Burlington Section GMC,RidgeLines,1986,RidgeLines September 1986,RidgeLines_September_1986.pdf,http://gmcburlington.org/wp-content/uploads/2023/06/ridgelines-v-16-no-2.pdf,
Burlington Section GMC,RidgeLines,1987,RidgeLines January 1987,RidgeLines_January_1987.pdf,http://gmcburlington.org/wp-content/uploads/2023/06/ridgelines-v-16-no-3.pdf,
Burlington Section GMC,RidgeLines,1987,RidgeLines March 1987,RidgeLines_March_1987.pdf,http://gmcburlington.org/wp-content/uploads/2023/06/ridgelines-v-16-no-4.pdf,
Burlington Section GMC,RidgeLines,1987,RidgeLines June 1987,RidgeLines_June_1987.pdf,http://gmcburlington.org/wp-content/uploads/2023/06/ridgelines-v-17-no-1.pdf,
Burlington Section GMC,RidgeLines,1987,RidgeLines September 1987,RidgeLines_September_1987.pdf,http://gmcburlington.org/wp-content/uploads/2023/06/ridgelines-v-17-no-2.pdf,
Burlington Section GMC,RidgeLines,1988,RidgeLines January 1988,RidgeLines_January_1988.pdf,http://gmcburlington.org/wp-content/uploads/2023/06/ridgelines-v-17-no-3.pdf,
Burlington Section GMC,RidgeLines,1988,RidgeLines March 1988,RidgeLines_March_1988.pdf,http://gmcburlington.org/wp-content/uploads/2023/06/ridgelines-v-17-no-4.pdf,
Burlington Section GMC,RidgeLines,1988,RidgeLines June 1988,RidgeLines_June_1988.pdf,http://gmcburlington.org/wp-content/uploads/2023/06/ridgelines-v-18-no-1.pdf,
Burlington Section GMC,RidgeLines,1989,RidgeLines January 1989,RidgeLines_January_1989.pdf,http://gmcburlington.org/wp-content/uploads/2023/06/ridgelines-v-18-no-3.pdf,
Burlington Section GMC,RidgeLines,1989,RidgeLines March 1989,RidgeLines_March_1989.pdf,http://gmcburlington.org/wp-content/uploads/2023/06/ridgelines-v-18-no-4.pdf,
Burlington Section GMC,RidgeLines,1989,RidgeLines June 1989,RidgeLines_June_1989.pdf,http://gmcburlington.org/wp-content/uploads/2023/06/ridgelines-v-19-no-1.pdf,
Burlington Section GMC,RidgeLines,1989,RidgeLines September 1989,RidgeLines_September_1989.pdf,http://gmcburlington.org/wp-content/uploads/2023/06/ridgelines-v-18-no-2.pdf,
Burlington Section GMC,RidgeLines,1989,RidgeLines Septemer 1989,RidgeLines_Septemer_1989.pdf,http://gmcburlington.org/wp-content/uploads/2023/06/ridgelines-v-19-no-2.pdf,
Burlington Section GMC,RidgeLines,1990,RidgeLines January 1990,RidgeLines_January_1990.pdf,http://gmcburlington.org/wp-content/uploads/2023/06/ridgelines-v-19-no-3.pdf,
Burlington Section GMC,RidgeLines,1990,RidgeLines March 1990,RidgeLines_March_1990.pdf,http://gmcburlington.org/wp-content/uploads/2023/06/ridgelines-v-19-no-4.pdf,
Burlington Section GMC,RidgeLines,1990,RidgeLines June 1990,RidgeLines_June_1990.pdf,http://gmcburlington.org/wp-content/uploads/2023/06/ridgelines-v-20-no-1.pdf,
Burlington Section GMC,RidgeLines,1990,RidgeLines September 1990,RidgeLines_September_1990.pdf,http://gmcburlington.org/wp-content/uploads/2023/06/ridgelines-v-20-no-2.pdf,
Burlington Section GMC,RidgeLines,1991,RidgeLines January 1991,RidgeLines_January_1991.pdf,http://gmcburlington.org/wp-content/uploads/2023/06/ridgelines-v-20-no-3.pdf,
Burlington Section GMC,RidgeLines,1991,RidgeLines March 1991,RidgeLines_March_1991.pdf,http://gmcburlington.org/wp-content/uploads/2023/06/ridgelines-v-20-no-4.pdf,
Burlington Section GMC,RidgeLines,1991,RidgeLines June 1991,RidgeLines_June_1991.pdf,http://gmcburlington.org/wp-content/uploads/2023/06/ridgelines-v-21-no-1.pdf,
Burlington Section GMC,RidgeLines,1991,RidgeLines September 1991,RidgeLines_September_1991.pdf,http://gmcburlington.org/wp-content/uploads/2023/06/ridgelines-v-21-no-2.pdf,
Burlington Section GMC,RidgeLines,1992,RidgeLines January 1992,RidgeLines_January_1992.pdf,http://gmcburlington.org/wp-content/uploads/2023/06/ridgelines-v-21-no-3.pdf,
Burlington Section GMC,RidgeLines,1992,RidgeLines March 1992,RidgeLines_March_1992.pdf,http://gmcburlington.org/wp-content/uploads/2023/06/ridgelines-v-21-no-4.pdf,
Burlington Section GMC,RidgeLines,1992,RidgeLines June 1992,RidgeLines_June_1992.pdf,http://gmcburlington.org/wp-content/uploads/2023/06/ridgelines-v-22-no-1.pdf,
Burlington Section GMC,RidgeLines,1992,RidgeLines September 1992,RidgeLines_September_1992.pdf,http://gmcburlington.org/wp-content/uploads/2023/06/ridgelines-v-22-no-2.pdf,
Burlington Section GMC,RidgeLines,1993,RidgeLines January 1993,RidgeLines_January_1993.pdf,http://gmcburlington.org/wp-content/uploads/2023/06/ridgelines-v-22-no-3.pdf,
Burlington Section GMC,RidgeLines,1993,RidgeLines March 1993,RidgeLines_March_1993.pdf,http://gmcburlington.org/wp-content/uploads/2023/06/ridgelines-v-22-no-4.pdf,
Burlington Section GMC,RidgeLines,1993,RidgeLines June 1993,RidgeLines_June_1993.pdf,http://gmcburlington.org/wp-content/uploads/2023/06/ridgelines-v-23-no-1.pdf,
Burlington Section GMC,RidgeLines,1993,RidgeLines September 1993,RidgeLines_September_1993.pdf,http://gmcburlington.org/wp-content/uploads/2023/06/ridgelines-v-23-no-2.pdf,
Burlington Section GMC,RidgeLines,1994,RidgeLines January 1994,RidgeLines_January_1994.pdf,http://gmcburlington.org/wp-content/uploads/2023/06/ridgelines-v-23-no-3.pdf,
Burlington Section GMC,RidgeLines,1994,RidgeLines March 1994,RidgeLines_March_1994.pdf,http://gmcburlington.org/wp-content/uploads/2023/06/ridgelines-v-23-no-4.pdf,
Burlington Section GMC,RidgeLines,1994,RidgeLines June 1994,RidgeLines_June_1994.pdf,http://gmcburlington.org/wp-content/uploads/2023/06/ridgelines-v-24-no-1.pdf,
Burlington Section GMC,RidgeLines,1994,RidgeLines Septemer 1994,RidgeLines_Septemer_1994.pdf,http://gmcburlington.org/wp-content/uploads/2023/06/ridgelines-v-24-no-2.pdf,
Burlington Section GMC,RidgeLines,1995,RidgeLines January 1995,RidgeLines_January_1995.pdf,http://gmcburlington.org/wp-content/uploads/2023/06/ridgelines-v-24-no-3.pdf,
Burlington Section GMC,RidgeLines,1995,RidgeLines March 1995,RidgeLines_March_1995.pdf,http://gmcburlington.org/wp-content/uploads/2023/06/ridgelines-v-24-no-4.pdf,
Burlington Section GMC,RidgeLines,1995,RidgeLines June 1995,RidgeLines_June_1995.pdf,http://gmcburlington.org/wp-content/uploads/2023/06/ridgelines-v-25-no-1.pdf,
Burlington Section GMC,RidgeLines,1995,RidgeLines September 1995,RidgeLines_September_1995.pdf,http://gmcburlington.org/wp-content/uploads/2023/06/ridgelines-v-25-no-2.pdf,
Burlington Section GMC,RidgeLines,1996,RidgeLines January 1996,RidgeLines_January_1996.pdf,http://gmcburlington.org/wp-content/uploads/2023/06/ridgelines-v-25-no-3.pdf,
Burlington Section GMC,RidgeLines,1996,RidgeLines March 1996,RidgeLines_March_1996.pdf,http://gmcburlington.org/wp-content/uploads/2023/06/ridgelines-v-25-no-4.pdf,
Burlington Section GMC,RidgeLines,1996,RidgeLines June 1996,RidgeLines_June_1996.pdf,http://gmcburlington.org/wp-content/uploads/2023/06/ridgelines-v-26-no-1.pdf,
Burlington Section GMC,RidgeLines,1996,RidgeLines September 1996,RidgeLines_September_1996.pdf,http://gmcburlington.org/wp-content/uploads/2023/06/ridgelines-v-26-no-2.pdf,
Burlington Section GMC,RidgeLines,1997,RidgeLines January 1997,RidgeLines_January_1997.pdf,http://gmcburlington.org/wp-content/uploads/2023/06/ridgelines-v-26-no-3.pdf,
Burlington Section GMC,RidgeLines,1997,RidgeLines March 1997,RidgeLines_March_1997.pdf,http://gmcburlington.org/wp-content/uploads/2023/06/ridgelines-v-26-no-4.pdf,
Burlington Section GMC,RidgeLines,1997,RidgeLines June 1997,RidgeLines_June_1997.pdf,http://gmcburlington.org/wp-content/uploads/2023/06/ridgelines-v-27-no-1.pdf,
Burlington Section GMC,RidgeLines,1997,RidgeLines September 1997,RidgeLines_September_1997.pdf,http://gmcburlington.org/wp-content/uploads/2023/06/ridgelines-v-27-no-2.pdf,
Burlington Section GMC,RidgeLines,1998,RidgeLines January 1998,RidgeLines_January_1998.pdf,http://gmcburlington.org/wp-content/uploads/2023/06/ridgelines-v-27-no-3.pdf,
Burlington Section GMC,RidgeLines,1998,RidgeLines March 1998,RidgeLines_March_1998.pdf,http://gmcburlington.org/wp-content/uploads/2023/06/ridgelines-v-27-no-4.pdf,
Burlington Section GMC,RidgeLines,1998,RidgeLines June 1998,RidgeLines_June_1998.pdf,http://gmcburlington.org/wp-content/uploads/2023/06/ridgelines-v-28-no-1.pdf,
Burlington Section GMC,RidgeLines,1998,RidgeLines September 1998,RidgeLines_September_1998.pdf,http://gmcburlington.org/wp-content/uploads/2023/06/ridgelines-v-28-no-2.pdf,
Burlington Section GMC,RidgeLines,1999,RidgeLines January 1999,RidgeLines_January_1999.pdf,http://gmcburlington.org/wp-content/uploads/2023/06/ridgelines-v-28-no-3.pdf,
Burlington Section GMC,RidgeLines,1999,RidgeLines March 1999,RidgeLines_March_1999.pdf,http://gmcburlington.org/wp-content/uploads/2023/06/ridgelines-v-28-no-4.pdf,
Burlington Section GMC,RidgeLines,1999,RidgeLines June 1999,RidgeLines_June_1999.pdf,http://gmcburlington.org/wp-content/uploads/2023/06/ridgelines-v-29-no-1.pdf,
Burlington Section GMC,RidgeLines,1999,RidgeLines September 1999,RidgeLines_September_1999.pdf,http://gmcburlington.org/wp-content/uploads/2023/06/ridgelines-v-29-no-2.pdf,
Burlington Section GMC,RidgeLines,2000,RidgeLines January 2000,RidgeLines_January_2000.pdf,http://gmcburlington.org/wp-content/uploads/2023/06/ridgelines-v-29-no-3.pdf,
Burlington Section GMC,RidgeLines,2000,RidgeLines March 2000,RidgeLines_March_2000.pdf,http://gmcburlington.org/wp-content/uploads/2023/06/ridgelines-v-29-no-4.pdf,
Burlington Section GMC,RidgeLines,2000,RidgeLines Summer 2000,RidgeLines_Summer_2000.pdf,http://gmcburlington.org/wp-content/uploads/2023/06/ridgelines-v-30-no-1.pdf,
Burlington Section GMC,RidgeLines,2000,RidgeLines Fall 2000,RidgeLines_Fall_2000.pdf,http://gmcburlington.org/wp-content/uploads/2023/06/ridgelines-v-30-no-2.pdf,
Burlington Section GMC,RidgeLines,2000,RidgeLines Winter 2001,RidgeLines_Winter_2001.pdf,http://gmcburlington.org/wp-content/uploads/2023/06/ridgelines-v-30-no-3.pdf,
Burlington Section GMC,RidgeLines,2001,RidgeLines Spring 2001,RidgeLines_Spring_2001.pdf,http://gmcburlington.org/wp-content/uploads/2023/06/ridgelines-v-30-no-4.pdf,
Burlington Section GMC,RidgeLines,2001,RidgeLines Summer 2001,RidgeLines_Summer_2001.pdf,http://gmcburlington.org/wp-content/uploads/2023/06/ridgelines-v-31-no-1.pdf,
Burlington Section GMC,RidgeLines,2001,RidgeLines Fall 2001,RidgeLines_Fall_2001.pdf,http://gmcburlington.org/wp-content/uploads/2023/06/ridgelines-v-31-no-2.pdf,
Burlington Section GMC,RidgeLines,2002,RidgeLines Winter 2002,RidgeLines_Winter_2002.pdf,http://gmcburlington.org/wp-content/uploads/2023/06/ridgelines-v-31-no-3.pdf,
Burlington Section GMC,RidgeLines,2002,RidgeLines Spring 2002,RidgeLines_Spring_2002.pdf,http://gmcburlington.org/wp-content/uploads/2023/06/ridgelines-v-31-no-4.pdf,
Burlington Section GMC,RidgeLines,2002,RidgeLines Summer 2002,RidgeLines_Summer_2002.pdf,http://gmcburlington.org/wp-content/uploads/2023/06/ridgelines-v-32-no-1.pdf,
Burlington Section GMC,RidgeLines,2002,RidgeLines Fall 2002,RidgeLines_Fall_2002.pdf,http://gmcburlington.org/wp-content/uploads/2023/06/ridgelines-v-32-no-2.pdf,
Burlington Section GMC,RidgeLines,2003,RidgeLines Winter 2003,RidgeLines_Winter_2003.pdf,https://gmcburlington.org/wp-content/uploads/2023/06/ridgelines-2003-winter.pdf,
Burlington Section GMC,RidgeLines,2003,RidgeLines Summer 2003,RidgeLines_Summer_2003.pdf,http://gmcburlington.org/wp-content/uploads/2023/01/ridgelines-2003-summer.pdf,
Burlington Section GMC,RidgeLines,2004,RidgeLines Spring 2004,RidgeLines_Spring_2004.pdf,http://gmcburlington.org/wp-content/uploads/2023/01/ridgelines-2004-spring.pdf,
Burlington Section GMC,RidgeLines,2004,RidgeLines Fall 2004,RidgeLines_Fall_2004.pdf,http://gmcburlington.org/wp-content/uploads/2023/01/ridgelines-2004-fall.pdf,
Burlington Section GMC,RidgeLines,2004,RidgeLines Winter 2004-2005,RidgeLines_Winter_2004-2005.pdf,http://gmcburlington.org/wp-content/uploads/2023/05/ridgelines-2005-winter.pdf,
Burlington Section GMC,RidgeLines,2005,RidgeLines Spring 2005,RidgeLines_Spring_2005.pdf,http://gmcburlington.org/wp-content/uploads/2023/01/ridgelines-2005-spring.pdf,
Burlington Section GMC,RidgeLines,2005,RidgeLines Summer 2005,RidgeLines_Summer_2005.pdf,http://gmcburlington.org/wp-content/uploads/2023/01/ridgelines-2005-summer.pdf,
Burlington Section GMC,RidgeLines,2005,RidgeLines Fall 2005,RidgeLines_Fall_2005.pdf,http://gmcburlington.org/wp-content/uploads/2023/01/ridgelines-2005-fall.pdf,
Burlington Section GMC,RidgeLines,2005,RidgeLines Winter 2005,RidgeLines_Winter_2005.pdf,http://gmcburlington.org/wp-content/uploads/2023/01/ridgelines-2005-winter.pdf,
Burlington Section GMC,RidgeLines,2006,RidgeLines Spring 2006,RidgeLines_Spring_2006.pdf,http://gmcburlington.org/wp-content/uploads/2022/09/ridgelines-2006-spring.pdf,
Burlington Section GMC,RidgeLines,2006,RidgeLines Summer 2006,RidgeLines_Summer_2006.pdf,http://gmcburlington.org/wp-content/uploads/2022/09/ridgelines-2006-summer.pdf,
Burlington Section GMC,RidgeLines,2006,RidgeLines Fall 2006,RidgeLines_Fall_2006.pdf,http://gmcburlington.org/wp-content/uploads/2022/09/ridgelines-fall-2006.pdf,
Burlington Section GMC,RidgeLines,2006,RidgeLines Fall &#8211; Winter 2006,RidgeLines_Fall_&#8211;_Winter_2006.pdf,http://gmcburlington.org/wp-content/uploads/2022/09/ridgelines-2006-fall-winter.pdf,
Burlington Section GMC,RidgeLines,2007,RidgeLines Spring 2007,RidgeLines_Spring_2007.pdf,http://gmcburlington.org/wp-content/uploads/2022/09/ridgelines-2007-spring.pdf,
Burlington Section GMC,RidgeLines,2007,RidgeLines Fall 2007,RidgeLines_Fall_2007.pdf,http://gmcburlington.org/wp-content/uploads/2013/03/fall-2007.pdf,
Burlington Section GMC,RidgeLines,2007,RidgeLines Winter 2007,RidgeLines_Winter_2007.pdf,http://gmcburlington.org/wp-content/uploads/2023/01/ridgelines-2007-winter.pdf,
Burlington Section GMC,RidgeLines,2008,RidgeLines Spring 2008,RidgeLines_Spring_2008.pdf,http://gmcburlington.org/wp-content/uploads/2023/01/ridgelines-2008-spring.pdf,
Burlington Section GMC,RidgeLines,2008,RidgeLines Summer 2008,RidgeLines_Summer_2008.pdf,http://gmcburlington.org/wp-content/uploads/2023/01/ridgelines-2008-summer.pdf,
Burlington Section GMC,RidgeLines,2008,RidgeLines Fall 2008,RidgeLines_Fall_2008.pdf,http://gmcburlington.org/wp-content/uploads/2023/01/ridgelines-2008-fall.pdf,
Burlington Section GMC,RidgeLines,2008,RidgeLines Winter 2008 &#8211; 2009,RidgeLines_Winter_2008_&#8211;_2009.pdf,http://gmcburlington.org/wp-content/uploads/2023/01/ridgelines-2008-winter.pdf,
Burlington Section GMC,RidgeLines,2009,RidgeLines Spring 2009,RidgeLines_Spring_2009.pdf,http://gmcburlington.org/wp-content/uploads/2023/01/ridgelines-2009-spring.pdf,
Burlington Section GMC,RidgeLines,2009,RidgeLines Summer 2009,RidgeLines_Summer_2009.pdf,http://gmcburlington.org/wp-content/uploads/2023/01/ridgelines-2009-summer.pdf,
Burlington Section GMC,RidgeLines,2009,RidgeLines Fall 2009,RidgeLines_Fall_2009.pdf,http://gmcburlington.org/wp-content/uploads/2023/01/ridgelines-2009-fall.pdf,
Burlington Section GMC,RidgeLines,2009,RidgeLines Winter 2009,RidgeLines_Winter_2009.pdf,http://gmcburlington.org/wp-content/uploads/2023/01/ridgelines-2009-winter.pdf,
Burlington Section GMC,RidgeLines,2010,RidgeLines Spring 2010,RidgeLines_Spring_2010.pdf,http://gmcburlington.org/wp-content/uploads/2023/01/ridgelines-2010-spring.pdf,
Burlington Section GMC,RidgeLines,2010,RidgeLines Summer 2010,RidgeLines_Summer_2010.pdf,http://gmcburlington.org/wp-content/uploads/2023/01/ridgelines-2010-summer.pdf,
Burlington Section GMC,RidgeLines,2010,RidgeLines Fall 2010,RidgeLines_Fall_2010.pdf,http://gmcburlington.org/wp-content/uploads/2023/01/ridgelines-2010-fall.pdf,
Burlington Section GMC,RidgeLines,2010,RidgeLines Winter 2010,RidgeLines_Winter_2010.pdf,http://gmcburlington.org/wp-content/uploads/2023/01/ridgelines-2010-winter.pdf,
Burlington Section GMC,RidgeLines,2011,RidgeLines Spring 2011,RidgeLines_Spring_2011.pdf,http://gmcburlington.org/wp-content/uploads/2023/01/ridgelines-2011-spring.pdf,
Burlington Section GMC,RidgeLines,2011,RidgeLines Summer 2011,RidgeLines_Summer_2011.pdf,http://gmcburlington.org/wp-content/uploads/2023/01/ridgelines-2011-summer.pdf,
Burlington Section GMC,RidgeLines,2011,RidgeLines Fall 2011,RidgeLines_Fall_2011.pdf,http://gmcburlington.org/wp-content/uploads/2023/01/ridgelines-2011-fall.pdf,
Burlington Section GMC,RidgeLines,2012,RidgeLines Spring 2012,RidgeLines_Spring_2012.pdf,http://gmcburlington.org/wp-content/uploads/2023/01/ridgelines-2012-spring.pdf,
Burlington Section GMC,RidgeLines,2012,RidgeLines Fall 2012,RidgeLines_Fall_2012.pdf,http://gmcburlington.org/wp-content/uploads/2023/01/ridgelines-2012-fall.pdf,
Burlington Section GMC,RidgeLines,2012,RidgeLines Winter 2012,RidgeLines_Winter_2012.pdf,http://gmcburlington.org/wp-content/uploads/2023/01/ridgelines-2011-winter.pdf,
Burlington Section GMC,RidgeLines,2013,RidgeLines Spring 2013,RidgeLines_Spring_2013.pdf,http://gmcburlington.org/wp-content/uploads/2023/01/ridgelines-2013-spring.pdf,
Burlington Section GMC,RidgeLines,2013,RidgeLines Summer 2013,RidgeLines_Summer_2013.pdf,http://gmcburlington.org/wp-content/uploads/2023/01/ridgelines-2013-summer.pdf,
Burlington Section GMC,RidgeLines,2013,RidgeLines Fall 2013,RidgeLines_Fall_2013.pdf,http://gmcburlington.org/wp-content/uploads/2023/01/ridgelines-2013-fall.pdf,
Burlington Section GMC,RidgeLines,2013,RidgeLines Winter 2013,RidgeLines_Winter_2013.pdf,http://gmcburlington.org/wp-content/uploads/2023/01/ridgelines-2013-winter.pdf,
Burlington Section GMC,RidgeLines,2014,RidgeLines Spring 2014,RidgeLines_Spring_2014.pdf,http://gmcburlington.org/wp-content/uploads/2023/01/ridgelines-2014-spring.pdf,
Burlington Section GMC,RidgeLines,2014,RidgeLines Summer 2014,RidgeLines_Summer_2014.pdf,http://gmcburlington.org/wp-content/uploads/2023/01/ridgelines-2014-summer.pdf,
Burlington Section GMC,RidgeLines,2014,RidgeLines Fall 2014,RidgeLines_Fall_2014.pdf,http://gmcburlington.org/wp-content/uploads/2023/01/ridgelines-2014-fall.pdf,
Burlington Section GMC,RidgeLines,2014,RidgeLines Winter 2014,RidgeLines_Winter_2014.pdf,http://gmcburlington.org/wp-content/uploads/2023/01/ridgelines-2014-winter.pdf,
Burlington Section GMC,RidgeLines,2015,RidgeLines Spring 2015,RidgeLines_Spring_2015.pdf,http://gmcburlington.org/wp-content/uploads/2023/01/ridgelines-2015-spring.pdf,
Burlington Section GMC,RidgeLines,2015,RidgeLines Summer 2015,RidgeLines_Summer_2015.pdf,http://gmcburlington.org/wp-content/uploads/2022/09/ridgelines-2015-summer.pdf,
Burlington Section GMC,RidgeLines,2015,RidgeLines Fall 2015,RidgeLines_Fall_2015.pdf,http://gmcburlington.org/wp-content/uploads/2023/01/ridgelines-2015-fall.pdf,
Burlington Section GMC,RidgeLines,2015,RidgeLines Winter 2015,RidgeLines_Winter_2015.pdf,http://gmcburlington.org/wp-content/uploads/2023/01/ridgelines-2015-winter.pdf,
Burlington Section GMC,RidgeLines,2016,RidgeLines Spring 2016,RidgeLines_Spring_2016.pdf,http://gmcburlington.org/wp-content/uploads/2023/01/ridgelines-2016-spring.pdf,
Burlington Section GMC,RidgeLines,2016,RidgeLines Summer 2016,RidgeLines_Summer_2016.pdf,http://gmcburlington.org/wp-content/uploads/2023/01/ridgelines-2016-summer.pdf,
Burlington Section GMC,RidgeLines,2016,RidgeLines Fall 2016,RidgeLines_Fall_2016.pdf,http://gmcburlington.org/wp-content/uploads/2023/01/ridgelines-2016-fall.pdf,
Burlington Section GMC,RidgeLines,2016,RidgeLines Winter 2016,RidgeLines_Winter_2016.pdf,http://gmcburlington.org/wp-content/uploads/2023/01/ridgelines-2016-winter.pdf,
Burlington Section GMC,RidgeLines,2017,RidgeLines Spring 2017,RidgeLines_Spring_2017.pdf,http://gmcburlington.org/wp-content/uploads/2023/01/ridgelines-2017-spring.pdf,
Burlington Section GMC,RidgeLines,2017,RidgeLines Summer 2017,RidgeLines_Summer_2017.pdf,http://gmcburlington.org/wp-content/uploads/2023/01/ridgelines-2017-summer.pdf,
Burlington Section GMC,RidgeLines,2017,RidgeLines Fall 2017,RidgeLines_Fall_2017.pdf,http://gmcburlington.org/wp-content/uploads/2023/01/ridgelines-2017-fall.pdf,
Burlington Section GMC,RidgeLines,2017,RidgeLines Winter 2017,RidgeLines_Winter_2017.pdf,http://gmcburlington.org/wp-content/uploads/2023/01/ridgelines-2017-winter.pdf,
Burlington Section GMC,RidgeLines,2018,RidgeLines Spring 2018,RidgeLines_Spring_2018.pdf,http://gmcburlington.org/wp-content/uploads/2023/01/ridgelines-2018-spring.pdf,
Burlington Section GMC,RidgeLines,2018,RidgeLines Summer 2018,RidgeLines_Summer_2018.pdf,http://gmcburlington.org/wp-content/uploads/2023/01/ridgelines-2018-summer.pdf,
Burlington Section GMC,RidgeLines,2018,RidgeLines Fall 2018,RidgeLines_Fall_2018.pdf,http://gmcburlington.org/wp-content/uploads/2023/01/ridgelines-2018-fall.pdf,
Burlington Section GMC,RidgeLines,2018,RidgeLines Winter 2018,RidgeLines_Winter_2018.pdf,http://gmcburlington.org/wp-content/uploads/2023/01/ridgelines-2018-winter.pdf,
Burlington Section GMC,RidgeLines,2019,RidgeLines Spring 2019,RidgeLines_Spring_2019.pdf,http://gmcburlington.org/wp-content/uploads/2023/01/ridgelines-2019-spring.pdf,
Burlington Section GMC,RidgeLines,2019,RidgeLines Summer 2019,RidgeLines_Summer_2019.pdf,http://gmcburlington.org/wp-content/uploads/2023/01/ridgelines-2019-summer.pdf,
Burlington Section GMC,RidgeLines,2019,RidgeLines Fall 2019,RidgeLines_Fall_2019.pdf,http://gmcburlington.org/wp-content/uploads/2023/01/ridgelines-2019-fall.pdf,
Burlington Section GMC,RidgeLines,2019,RidgeLines Winter 2019,RidgeLines_Winter_2019.pdf,http://gmcburlington.org/wp-content/uploads/2023/01/ridgelines-2019-winter.pdf,
Burlington Section GMC,RidgeLines,2020,RidgeLines Spring 2020,RidgeLines_Spring_2020.pdf,http://gmcburlington.org/wp-content/uploads/2023/01/ridgelines-2020-spring.pdf,
Burlington Section GMC,RidgeLines,2020,RidgeLines Summer 2020,RidgeLines_Summer_2020.pdf,http://gmcburlington.org/wp-content/uploads/2023/01/ridgelines-2020-summer.pdf,
Burlington Section GMC,RidgeLines,2020,RidgeLines Fall 2020,RidgeLines_Fall_2020.pdf,http://gmcburlington.org/wp-content/uploads/2023/01/ridgelines-2020-fall.pdf,
Burlington Section GMC,RidgeLines,2020,RidgeLines Winter 2020,RidgeLines_Winter_2020.pdf,http://gmcburlington.org/wp-content/uploads/2023/01/ridgelines-2020-winter.pdf,
Burlington Section GMC,RidgeLines,2021,RidgeLines Spring 2021,RidgeLines_Spring_2021.pdf,http://gmcburlington.org/wp-content/uploads/2023/01/ridgelines-2021-spring.pdf,
Burlington Section GMC,RidgeLines,2021,RidgeLines Summer 2021,RidgeLines_Summer_2021.pdf,http://gmcburlington.org/wp-content/uploads/2023/01/ridgelines-2021-summer.pdf,
Burlington Section GMC,RidgeLines,2021,RidgeLines Fall 2021,RidgeLines_Fall_2021.pdf,http://gmcburlington.org/wp-content/uploads/2023/01/ridgelines-2021-fall.pdf,
Burlington Section GMC,RidgeLines,2021,RidgeLines Winter 2021,RidgeLines_Winter_2021.pdf,http://gmcburlington.org/wp-content/uploads/2023/01/ridgelines-2021-winter.pdf,
Burlington Section GMC,RidgeLines,2022,RidgeLines Spring 2022,RidgeLines_Spring_2022.pdf,http://gmcburlington.org/wp-content/uploads/2022/09/ridgelines-spring-2022-final-1.pdf,
Burlington Section GMC,RidgeLines,2022,RidgeLines Summer 2022,RidgeLines_Summer_2022.pdf,https://gmcburlington.org/wp-content/uploads/2022/09/ridgelines-summer-2022.pdf,
Burlington Section GMC,RidgeLines,2022,RidgeLines Winter 2022,RidgeLines_Winter_2022.pdf,http://gmcburlington.org/wp-content/uploads/2022/12/winter-2022.pdf,
Burlington Section GMC,RidgeLines,2023,RidgeLines Spring 2023,RidgeLines_Spring_2023.pdf,http://gmcburlington.org/wp-content/uploads/2023/03/ridgelines-2023-spring.pdf,
Burlington Section GMC,RidgeLines,2023,RidgeLines Summer 2023,RidgeLines_Summer_2023.pdf,http://gmcburlington.org/wp-content/uploads/2023/05/ridgelines-2023-summer.pdf,
Burlington Section GMC,RidgeLines,2023,RidgeLines Fall 2023,RidgeLines_Fall_2023.pdf,http://gmcburlington.org/wp-content/uploads/2023/09/ridgeLines-2023-fall.pdf,
Burlington Section GMC,RidgeLines,2023,RidgeLines Winter 2023,RidgeLines_Winter_2023.pdf,http://gmcburlington.org/wp-content/uploads/2023/12/Dec-2023RidgeLines.pdf,
Burlington Section GMC,RidgeLines,2024,RidgeLines Spring 2024,RidgeLines_Spring_2024.pdf,http://gmcburlington.org/wp-content/uploads/2024/03/Ridgelines-vol-53-04_spring-2024.pdf,
Burlington Section GMC,RidgeLines,2024,RidgeLines Fall 2024,RidgeLines_Fall_2024.pdf,http://gmcburlington.org/wp-content/uploads/2024/09/RidgeLines_Fall24-v5.pdf,
Burlington Section GMC,RidgeLines,2024,RidgeLines Winter 2024,RidgeLines_Winter_2024.pdf,http://gmcburlington.org/wp-content/uploads/2024/12/RidgeLines_Winter24_FINAL-1.pdf,
Burlington Section GMC,RidgeLines,2025,RidgeLines Spring 2025,RidgeLines_Spring_2025.pdf,http://gmcburlington.org/wp-content/uploads/2025/02/Ridgelines-Spring-2025.pdf,
Burlington Section GMC,RidgeLines,2025,RidgeLines Summer 2025,RidgeLines_Summer_2025.pdf,http://gmcburlington.org/wp-content/uploads/2025/06/Summer-2025-Ridgelines-Final.pdf,
Burlington Section GMC,RidgeLines,2025,RidgeLines Fall 2025 #3,RidgeLines_Fall_2025_#3.pdf,http://gmcburlington.org/wp-content/uploads/2025/09/Ridgelines-Fall-2025.pdf,
Burlington Section GMC,RidgeLines,2025,RidgeLines Winter 2026,RidgeLines_Winter_2026.pdf,http://gmcburlington.org/wp-content/uploads/2025/12/Ridgelines-Winter-2026.pdf,
Burlington Section GMC,RidgeLines,2026,RidgeLines Spring 2026,RidgeLines_Spring_2026.pdf,http://gmcburlington.org/wp-content/uploads/2026/03/Ridgelines-Spring-2026.pdf,
Burlington Section GMC,RidgeLines,2026,RidgeLines Summer 2026,RidgeLines_Summer_2026.pdf,http://gmcburlington.org/wp-content/uploads/2026/06/Ridgelines-Summer-2026.pdf,
